{
  "version": 1,
  "author": "Cauã Brito",
  "editor": "wokwi",
  "parts": [
    { "type": "wokwi-breadboard-half", "id": "bb1", "top": -31.8, "left": -54.8, "attrs": {} },
    {
      "type": "board-pi-pico-w",
      "id": "pico",
      "top": -32.05,
      "left": 301.15,
      "attrs": { "builder": "pico-sdk" }
    },
    {
      "type": "wokwi-led",
      "id": "led1",
      "top": 11.2,
      "left": -43.8,
      "rotate": 180,
      "attrs": { "color": "red" }
    },
    {
      "type": "wokwi-led",
      "id": "led2",
      "top": 11.2,
      "left": -24.6,
      "rotate": 180,
      "attrs": { "color": "yellow" }
    },
    {
      "type": "wokwi-led",
      "id": "led3",
      "top": 11.2,
      "left": -5.4,
      "rotate": 180,
      "attrs": { "color": "limegreen" }
    },
    {
      "type": "wokwi-resistor",
      "id": "r1",
      "top": 72,
      "left": -48.55,
      "rotate": 90,
      "attrs": { "value": "1000" }
    },
    {
      "type": "wokwi-resistor",
      "id": "r2",
      "top": 72,
      "left": -29.35,
      "rotate": 90,
      "attrs": { "value": "1000" }
    },
    {
      "type": "wokwi-resistor",
      "id": "r3",
      "top": 72,
      "left": -10.15,
      "rotate": 90,
      "attrs": { "value": "1000" }
    },
    {
      "type": "wokwi-led",
      "id": "led4",
      "top": 11.2,
      "left": 138.6,
      "rotate": 180,
      "attrs": { "color": "red" }
    },
    {
      "type": "wokwi-led",
      "id": "led5",
      "top": 11.2,
      "left": 157.8,
      "rotate": 180,
      "attrs": { "color": "limegreen" }
    },
    {
      "type": "wokwi-resistor",
      "id": "r4",
      "top": 81.6,
      "left": 133.85,
      "rotate": 90,
      "attrs": { "value": "1000" }
    },
    {
      "type": "wokwi-resistor",
      "id": "r5",
      "top": 81.6,
      "left": 153.05,
      "rotate": 90,
      "attrs": { "value": "1000" }
    },
    {
      "type": "wokwi-pushbutton",
      "id": "btn1",
      "top": 198.2,
      "left": 201.6,
      "attrs": { "color": "green" }
    },
    {
      "type": "wokwi-buzzer",
      "id": "bz1",
      "top": 31.2,
      "left": 433.8,
      "attrs": { "volume": "0.1" }
    }
  ],
  "connections": [
    [ "pico:GP0", "$serialMonitor:RX", "", [] ],
    [ "pico:GP1", "$serialMonitor:TX", "", [] ],
    [ "bb1:1t.e", "pico:GP13", "red", [ "v134.4", "h307.2", "v-76.8" ] ],
    [ "bb1:3t.e", "pico:GP12", "yellow", [ "v124.8", "h278.4", "v-57.6" ] ],
    [ "bb1:5t.e", "pico:GP11", "green", [ "v115.2", "h249.6", "v-57.6" ] ],
    [ "bb1:20t.e", "pico:GP10", "red", [ "v19.2", "h124.8", "v28.8" ] ],
    [ "bb1:22t.e", "pico:GP9", "green", [ "v9.6", "h105.6", "v28.8" ] ],
    [ "bb1:2b.j", "bb1:4b.j", "black", [ "v9.6", "h19.2" ] ],
    [ "bb1:4b.j", "bb1:6b.j", "black", [ "v9.6", "h19.2" ] ],
    [ "bb1:6b.j", "bb1:21b.j", "black", [ "v9.6", "h144" ] ],
    [ "bb1:21b.j", "bb1:23b.j", "black", [ "v9.6", "h19.2" ] ],
    [ "bb1:23b.j", "pico:GND.3", "black", [ "v9.6", "h67.2", "v-38.4", "h28.8" ] ],
    [ "r1:1", "bb1:2t.d", "", [ "$bb" ] ],
    [ "r1:2", "bb1:2b.h", "", [ "$bb" ] ],
    [ "r3:1", "bb1:6t.d", "", [ "$bb" ] ],
    [ "r3:2", "bb1:6b.h", "", [ "$bb" ] ],
    [ "r2:1", "bb1:4t.d", "", [ "$bb" ] ],
    [ "r2:2", "bb1:4b.h", "", [ "$bb" ] ],
    [ "r4:1", "bb1:21t.e", "", [ "$bb" ] ],
    [ "r4:2", "bb1:21b.i", "", [ "$bb" ] ],
    [ "r5:1", "bb1:23t.e", "", [ "$bb" ] ],
    [ "r5:2", "bb1:23b.i", "", [ "$bb" ] ],
    [ "led5:A", "bb1:22t.a", "", [ "$bb" ] ],
    [ "led5:C", "bb1:23t.a", "", [ "$bb" ] ],
    [ "led4:A", "bb1:20t.a", "", [ "$bb" ] ],
    [ "led4:C", "bb1:21t.a", "", [ "$bb" ] ],
    [ "led3:A", "bb1:5t.a", "", [ "$bb" ] ],
    [ "led3:C", "bb1:6t.a", "", [ "$bb" ] ],
    [ "led2:A", "bb1:3t.a", "", [ "$bb" ] ],
    [ "led2:C", "bb1:4t.a", "", [ "$bb" ] ],
    [ "led1:A", "bb1:1t.a", "", [ "$bb" ] ],
    [ "led1:C", "bb1:2t.a", "", [ "$bb" ] ],
    [ "btn1:1.r", "pico:GP6", "violet", [ "v0", "h19.4", "v-163.2" ] ],
    [
      "pico:GND.1",
      "btn1:2.l",
      "black",
      [ "h-19.2", "v-48", "h96", "v297.6", "h-192", "v-19.2" ]
    ],
    [ "bz1:1", "pico:GND.8", "green", [ "v0", "h-48", "v-124.8" ] ],
    [ "bz1:2", "pico:GP21", "green", [ "v28.8", "h-77.2", "v-28.8" ] ]
  ],
  "dependencies": {}
}